﻿<?xml version="1.0" encoding="utf-8"?><meta xmlns:xsi="http://www.w3.org/2001/XMLSchema-instance" xmlns:xsd="http://www.w3.org/2001/XMLSchema"><project id="6UyqDHHpNRu" courseid="5Zz9pextiiq_course_id" thumburl="story_content/thumbnail.jpg" title="How digitally literate am I?" datepublished="2018-08-20T16:19:54" version="1.0.0.0" flashdata="story_content/data.swf" html5data="mobile/data.js" mobiledata="mobile/data.gz" enabledownload="true" duration="About 1 minute" totalaudio="0" totalvideo="0"><description>Try this self-assessment tool and see how high your digital literacy score is.</description><keywords>quiz, digital literacy</keywords><slidemeta moniker="slide" monikerplural="slides" viewslides="16" slidecountdescription="16 slides" /><author name="Siobhan Hawke" email="wlc@bathspa.ac.uk" website="www.bathspa.ac.uk/wlc" /><application name="Articulate Storyline" version="2.7.1509.1408" xmlversion="3.5" /></project></meta>